*                          @vasylmosiiuk-lpnu

/Mosiiuk.Vasyl             @vasylmosiiuk
/Horak.Maksym              @hurrr1cane
/Shlomiak.Danylo           @Trckly
/Milkovych.Mykola          @Mykola-Milkovych
/Kyrychenko.Maksym         @Hellaaaa
/Kolodiichuk.Oleksandr     @OleksandrKolodiichuk
/Lendiel.Andrii            @AndriyLendiel
/Zhyla.Volodymyr           @VolodkaGitHub
/Kaflovskyi.Roman          @romankaflovskyi-lpnu
/Vikhovanets.Konstantyn    @KONTRAWOR
/Staretskyi.Vladyslav      @dbstdjh
/Shmyheliuk.Orest          @Orest012
/Shmyheliuk.Oleh           @fake-oleg29
/Blyzniuk.Oleksii          @siiyyko
/Hudzenko.Denys            @den-hudzenko
